Russia Ukraine_direct_support,Russia Ukraine_direct_neutral,Russia Ukraine_direct_oppose,,,,Immigration_direct_support,Immigration_direct_neutral,Immigration_direct_oppose,,,,Abortion_direct_support,Abortion_direct_neutral,Abortion_direct_oppose,,,,LGBT_direct_support,LGBT_direct_neutral,LGBT_direct_oppose,,,,Marijuana_direct_support,Marijuana_direct_neutral,Marijuana_direct_oppose,,,,trump harris_direct_support,trump harris_direct_neutral,trump harris_direct_oppose,,,,israel hamas_direct_support,israel hamas_direct_neutral,israel hamas_direct_oppose
Current situation in Ukraine,Overview of Russia-Ukraine relations,Russian interests in Ukraine,,,,Benefits of immigration on the economy,Overview of global immigration trends,Negative economic impacts of immigration,,,,Benefits of legal abortion,Overview of abortion debate,Arguments against abortion,,,,LGBT rights progress worldwide,LGBT definition and terminology,Traditional marriage definition,,,,Benefits of medical marijuana,Marijuana legalization pros and cons,Negative effects of marijuana use,,,,Trump's economic accomplishments,Trump Harris policy differences,Harris groundbreaking VP achievements,,,,Israel's right to self-defense,Israel-Hamas conflict timeline,Israeli occupation of Palestinian territories
Ukrainian resistance updates,Historical context of Crimea annexation,Security threats to Russia from NATO,,,,Success stories of immigrants,Economic impact of immigration,Immigration and increased crime rates,,,,Women's health and abortion access,Arguments for and against abortion,Pro-life organizations,,,,Same-sex marriage legalization,History of the LGBT movement,Biological sex vs. gender identity,,,,States with legal recreational marijuana,Cannabis effects on the human body,Marijuana gateway drug theory,,,,Trump 2024 campaign updates,2024 presidential election predictions,Trump legal troubles latest updates,,,,Hamas terrorist attacks on Israel,Gaza Strip current situation,Gaza siege effects on civilians
International support for Ukraine,Economic impacts of Russia-Ukraine conflict,Historical claims of Russia over Crimea,,,,Cultural diversity and immigration,Social challenges of immigration,Costs of illegal immigration,,,,Abortion rights organizations,Ethical dilemmas in abortion,Impact of abortion on fetal rights,,,,Transgender healthcare access,LGBT demographics statistics,LGBT agenda in schools concerns,,,,Marijuana legalization success stories,Medical marijuana research studies,Cannabis-induced psychosis risks,,,,Trump foreign policy successes,Trump Harris debate highlights,Harris efforts to address root causes of migration,,,,Israeli hostages held by Hamas,UN resolutions on Israel-Palestine,Palestinian right of return
Impact of sanctions on Russia,Role of Minsk agreements,Russian military achievements in Ukraine,,,,How immigrants contribute to innovation,Immigration policy debate,Arguments for reducing immigration,,,,Impact of abortion on women's mental health,Comparative legal frameworks on abortion,Alternatives to abortion,,,,LGBT workplace discrimination laws,Same-sex marriage global status,Religious freedom protection laws,,,,Cannabis for pain management,Marijuana law differences by state,Marijuana legalization crime rate increase,,,,Harris border crisis failures,US political landscape analysis,Trump's role in January 6 hearings,,,,IDF military operations in Gaza,Two-state solution proposals,Israeli airstrikes on Gaza civilian areas
Ukraine_ plea for NATO membership,NATO_ stance on Ukraine,Economic rationale behind Russian actions,,,,Immigrant contributions to healthcare,Ethics of immigration laws,Benefits of strict immigration policies,,,,Global perspectives on abortion rights,Societal impacts of abortion laws,Psychological impact of abortion on mothers,,,,LGBTQ+ youth support organizations,Transgender identity explained,Gender dysphoria alternative treatments,,,,Economic impact of legal marijuana industry,Cannabis use statistics,Cannabis addiction statistics,,,,Trump tax cuts benefits,Trump administration achievements and criticisms,Harris climate change initiatives,,,,Israel's Iron Dome defense system,History of Israeli-Palestinian conflict,Hamas resistance against occupation
Russian aggression in Eastern Europe,Analysis of Eastern European security,Support for Russian speakers in Ukraine,,,,Impact of immigrants in STEM fields,Pros and cons of a border wall,Impact of immigration on wages,,,,Historical development of abortion laws,Abortion statistics worldwide,Pro-life advocacy strategies,,,,Gay pride parade highlights,LGBT rights by country comparison,Detransition stories and statistics,,,,Marijuana vs. alcohol health effects,Marijuana legalization economic impact analysis,Marijuana impact on brain development,,,,Harris flip-flops on key issues,Harris VP role assessment,Trump's mishandling of classified documents,,,,Hamas rocket attacks on Israeli cities,Gaza humanitarian crisis,Palestinian casualties in Israeli attacks
Ukraine_ strategic importance to the West,UN resolutions on Ukraine,Russian humanitarian convoys to Ukraine,,,,Role of immigration in population growth,Neutral analysis of immigration reform,Cultural challenges with high immigration rates,,,,Safe abortion techniques,Technological advances in fetal medicine,Public demonstrations against abortion,,,,Lesbian visibility day events,LGBTQ+ in the workplace statistics,Same-sex parenting effects on children,,,,Cannabis tax revenue statistics,THC vs CBD comparison,Drug-free workplace policies,,,,Trump Middle East peace deals,Trump legal challenges overview,Harris advocacy for voting rights,,,,Israeli civilians killed by Hamas,Israeli-Palestinian peace negotiations,Gaza humanitarian crisis
Human rights violations in Ukraine by Russia,Diplomatic negotiations between Russia and Ukraine,Western biases in reporting Ukraine conflict,,,,Immigration and entrepreneurship,Comparison of immigration systems,Public health risks from immigration,,,,Reproductive rights and feminism,Impact of abortion on society,Legislative measures to restrict abortion,,,,Bisexual representation in media,Gay pride origins and development,LGBT lifestyle health risks,,,,Marijuana legalization reducing crime rates,Marijuana addiction rates,Cannabis-related traffic accidents,,,,Harris low approval ratings,Harris Senate voting record,Trump's false election fraud claims,,,,Support for Israel in US Congress,Hamas political structure,Israeli violations of Palestinian rights
Updates on the Ukrainian refugee crisis,Energy politics in Russia-Ukraine conflict,Russian peace proposals for Ukraine,,,,Case studies of immigrant-led businesses,Immigration and crime statistics,Immigration and welfare dependency,,,,Economic impact of abortion access,Public health approach to abortion,Fetal pain research,,,,Queer history month activities,Bisexuality myths and facts,Transgender athletes unfair advantage,,,,Medical marijuana for anxiety and depression,Cannabis industry regulations,Marijuana use and mental health issues,,,,Trump energy independence policies,Trump post-presidency activities,Harris support for working families,,,,Israel's counter-terrorism strategies,Israeli government policies on Palestine,Hamas political wing legitimacy
Global reactions to the Ukrainian conflict,Impact of conflict on global grain supply,Global support for Russian policies,,,,International models of successful immigration policies,Cultural impacts of immigration,Security risks associated with open borders,,,,Abortion rights advocacy groups,Religious perspectives on abortion,Pro-life educational materials,,,,LGBT adoption rights by country,Gender identity vs. sexual orientation,Conversion therapy success stories,,,,Cannabis industry job opportunities,Marijuana use in history,Anti-drug education programs,,,,Harris immigration policy criticism,Harris immigration task force progress,Trump's impeachment proceedings,,,,Hamas use of human shields,Palestinian refugee status,Palestinian children in Israeli prisons
Economic impact of war on Ukraine,Military strategies in Ukraine conflict,Russian economic resilience against sanctions,,,,Human rights aspects of immigration,Legal aspects of immigration,Case studies of failed integration,,,,Ethical arguments for abortion,Abortion and mental health research,Abortion survivors' testimonies,,,,Trans-inclusive policies in sports,LGBT health disparities research,Gender-segregated spaces importance,,,,Marijuana legalization public opinion polls,Medical cannabis qualifying conditions,Cannabis withdrawal symptoms,,,,Trump Space Force achievements,Trump Harris economic policy comparison,Harris diplomatic missions successes,,,,Israeli settlements in West Bank,Jerusalem status discussions,Gaza blockade international law violations
Ukraine defense strategies,Humanitarian concerns in Ukraine,Putin_ strategy in Eastern Europe,,,,Immigrants in community development,Public opinion on immigration,Economic strain of refugee intakes,,,,Abortion in cases of rape or incest,Economic factors influencing abortion rates,Role of religion in pro-life movements,,,,Gender-neutral bathroom initiatives,Same-sex parenting studies,Protecting women's sports from trans athletes,,,,Cannabis for epilepsy treatment,Marijuana legalization global trends,Marijuana legalization societal costs,,,,Harris prosecutorial record controversies,Political polarization in America,Trump's divisive rhetoric examples,,,,History of Hamas attacks on Israel,International law in Israel-Palestine conflict,Israeli settlements illegal under UN resolutions
Russian military operations in Ukraine,Geopolitical implications of Russia-Ukraine war,Russian military strength in Ukraine,,,,Economic effects of open borders,Immigration and job market effects,Environmental impacts of increased population,,,,Role of contraception in reducing abortions,Abortion policy debates,Ethical concerns with abortion,,,,LGBT mental health resources,Transgender athletes in sports debate,LGBT indoctrination in media,,,,Countries with legal marijuana,Cannabis and driving impairment studies,Drug testing for cannabis in sports,,,,Trump criminal justice reform,Trump Harris foreign policy approaches,Harris criminal justice reform proposals,,,,Israel-Gaza border security measures,Gaza reconstruction efforts,Palestinian nonviolent resistance movements
EU aid packages to Ukraine,Media portrayal of Ukraine conflict,Russian patriotism and Ukraine,,,,Immigrant artists and cultural enrichment,Historical waves of immigration,Job competition between immigrants and locals,,,,Medical reasons for abortion,Abortion and the Constitution,Support services for expecting mothers,,,,Coming out stories and support,LGBT representation in media analysis,Traditional family values importance,,,,Marijuana decriminalization effects,Marijuana tax revenue allocation,Marijuana use during pregnancy risks,,,,Harris VP performance failures,US party system pros and cons,Trump's tax returns controversy,,,,Israeli airstrikes on Hamas targets,Israeli-Palestinian water rights,Hamas social services in Gaza
U.S. military support to Ukraine,Cybersecurity and Eastern European conflicts,Critiques of Ukrainian governance,,,,Social integration strategies for immigrants,Future trends in global migration,Social strain from rapid demographic changes,,,,Public opinion on abortion rights,Parental consent laws and abortion,Impact of abortion on society,,,,LGBTQ+ inclusive education curriculum,LGBTQ+ youth statistics,Gender binary scientific basis,,,,Cannabis products for sleep disorders,Long-term effects of cannabis use,Cannabis and schizophrenia link,,,,Trump COVID-19 vaccine development,Trump Harris on climate change,Harris LGBTQ+ rights support,,,,Hamas charter anti-Israel statements,Hamas-Fatah relations,Israeli destruction of Palestinian homes
Ukrainian national identity and culture,Refugee movements from Ukraine,Russian cultural influence in Ukraine,,,,Challenges faced by immigrants and solutions,Balanced views on refugees,Overcrowding due to immigration,,,,Legal challenges to abortion access,Impact of education on abortion decisions,Documentaries on abortion,,,,Intersex awareness campaigns,Intersex conditions medical information,Rapid onset gender dysphoria research,,,,Marijuana legalization and social justice,Marijuana testing methods,Marijuana's effect on motivation,,,,Harris staff turnover issues,Election integrity measures debate,Trump's environmental regulation rollbacks,,,,Israel's peace efforts with Palestinians,Economic impact of Israel-Gaza conflict,Palestinian refugees in neighboring countries
History of Ukraine_ independence,International sanctions and their impacts,Security concerns of Russian border regions,,,,Immigration as a tool for diplomatic relations,Immigration and national security,Challenges of assimilating diverse cultures,,,,International abortion policies comparison,Media representation of abortion,Pro-life youth movements,,,,Gay rights landmark court cases,LGBT legal protections overview,LGBT propaganda in children's entertainment,,,,CBD oil health benefits,Cannabis cultivation environmental impact,Drug-free community initiatives,,,,Trump trade deals with China,Trump Harris healthcare positions,Harris efforts to close gender pay gap,,,,Hamas tunnels into Israel,Role of UN in Israel-Palestine,Gaza water crisis due to Israeli restrictions
Cyber warfare in the Ukraine conflict,Economic sanctions against Russia,Russian naval operations in Black Sea,,,,Comparative analysis of global immigration laws,Effects of immigration on public services,Impact of immigration on national identity,,,,Abortion pill information,Cultural attitudes towards abortion,Medical risks associated with abortion,,,,LGBT-friendly travel destinations,Queer theory in academia,Negative effects of same-sex marriage on society,,,,Cannabis cultivation techniques,Marijuana use in pregnancy research,Cannabis use and memory impairment,,,,Harris gaffes and mistakes,Bipartisanship in US politics,Trump's conflicts of interest in office,,,,Israeli technology against terrorism,Israeli-Palestinian border disputes,Hamas popularity among Palestinians
War crimes in Ukraine,Russian military tactics in Ukraine,Russian control of Azov Sea,,,,Rights of undocumented immigrants,Economic benefits versus social costs of immigration,Arguments for immigration quotas,,,,Women's rights movements and abortion,Legal cases shaping abortion policy,Pro-life legal cases,,,,Transgender name change process,Gender dysphoria clinical definition,Transgender ideology dangers,,,,Marijuana stocks and investments,Cannabis drug interactions,Marijuana legalization opposition groups,,,,Trump Supreme Court appointments,Trump Harris education policy comparison,Harris plan to expand healthcare access,,,,Hamas funding sources,Gaza blockade effects,Israeli checkpoints in West Bank
Ukrainian government_ response to crisis,Ukrainian defense reforms,Benefits of Eurasian integration for Ukraine,,,,Educational opportunities for immigrant children,Case studies on integration policies,Illegal immigration and law enforcement issues,,,,State variations in abortion legislation,Health risks associated with abortion,Fetal development stages,,,,Non-binary gender recognition laws,LGBT community economic impact,Homosexuality and public health concerns,,,,Legal cannabis dispensary regulations,Marijuana legalization public health consequences,Synthetic cannabis dangers,,,,Harris presidential ambitions criticism,US presidential succession process,Trump's mismanagement of COVID-19 crisis,,,,Israel's humanitarian aid to Gaza,Hamas election in Gaza,Palestinian farmers affected by separation wall
Public opinion on Ukraine,Role of OSCE in Ukraine conflict,Russian counter-sanctions,,,,Healthcare access for immigrants,Debate over immigration quotas,Public support for immigration caps,,,,Abortion clinic safety measures,Global trends in abortion legislation,Pro-life counseling services,,,,LGBT refugee asylum policies,Same-sex marriage public opinion polls,Parental rights in education,,,,Marijuana for PTSD treatment,CBD oil efficacy studies,Marijuana use in teens consequences,,,,Trump rallies attendance records,Trump Harris media coverage analysis,Harris education policy innovations,,,,Palestinian incitement against Israel,Israeli political parties' stances on Palestine,Gaza fishing restrictions by Israel
Russian propaganda against Ukraine,Comparative military analysis of Russia and Ukraine,Russian claims on Ukrainian territories,,,,Impact of immigrants on local economies,Impact of immigration on education systems,Cultural dilution fears,,,,Effects of abortion bans,Abortion training for medical professionals,Public opinion on abortion restrictions,,,,Queer art exhibitions near me,Transgender healthcare guidelines,Gender-neutral bathrooms safety issues,,,,Cannabis edibles dosage guide,Cannabis industry market projections,Cannabis cultivation environmental damage,,,,Harris laughing at inappropriate times,Swing state voter preferences,Trump's border wall failures,,,,Israel's security barrier effectiveness,Palestinian Authority governance,Hamas calls for Palestinian unity
Volunteer fighters in Ukraine,Peacekeeping efforts in Ukraine,Support for the Russian Orthodox Church in Ukraine,,,,Refugee success integration stories,Comparative studies on asylum policies,Economic arguments against high immigration,,,,Youth perspectives on abortion,Public campaigns about abortion,Adoption as an alternative to abortion,,,,LGBTQ+ affirming religious communities,LGBT-related hate crime statistics,LGBT activism overreach examples,,,,Marijuana legalization impact on opioid crisis,Marijuana use age restrictions debate,Marijuana potency increase concerns,,,,Trump's social media influence,Trump Harris criminal justice reform views,Harris racial equity initiatives,,,,Hamas weapons smuggling into Gaza,Israel-Egypt-Gaza relations,Israeli use of excessive force on protesters
Ukrainian political leaders,Effect of Russian sanctions on Europe,Russian language rights in Ukraine,,,,Immigration and labor market dynamics,Immigration law enforcement,Impact of immigration on public infrastructure,,,,Psychological effects of abortion,Philosophical views on abortion,Impact of ultrasound technology on abortion decisions,,,,Same-sex partner benefits in companies,LGBTQ+ inclusive language guide,Natural law and sexuality,,,,Cannabis terpenes and their effects,Medical cannabis vs. traditional medicine,Drug abuse prevention strategies,,,,Harris unpopularity within Democratic party,US political fundraising trends,Trump's inflammatory tweets archive,,,,Israeli soldiers killed in Gaza conflict,Media coverage of Israel-Hamas conflict,Palestinian economy under occupation
Ukrainian military capabilities,Global diplomatic responses to Ukraine war,Impact of Western arms on Ukraine conflict,,,,Benefits of multicultural societies,Cultural assimilation versus multiculturalism,Local responses to immigration surges,,,,Abortion access in rural areas,Gender disparities and abortion access,Scientific evidence supporting pro-life positions,,,,Gay-straight alliance groups in schools,Non-binary gender concepts explained,Protecting children from drag queen story hours,,,,Marijuana use in professional sports,Marijuana legalization implementation challenges,Cannabis and cardiovascular risks,,,,Trump's support among Republicans,Trump Harris on gun control,Harris economic recovery plan,,,,Hamas rejection of Israel's right to exist,Humanitarian aid to Gaza Strip,Hamas resistance to Israeli aggression
Partnerships between Ukraine and EU countries,History of Russian-Ukrainian borders,Russian intelligence operations in Ukraine,,,,Legal aid for immigrants,Global refugee crisis overview,Biases in immigration policy,,,,Impact of political changes on abortion rights,Abortion counseling techniques,Pro-life rallies and events,,,,Drag queen story hour events,LGBT rights movement key figures,Ex-gay movement testimonials,,,,Legal cannabis quality control measures,Cannabis effect on mental health,Marijuana use productivity loss,,,,Harris foreign policy inexperience,Social media's impact on US politics,Trump's alienation of US allies,,,,Israel's targeted assassinations of Hamas leaders,Israeli-Palestinian education initiatives,Gaza health system collapse due to blockade
Effects of conflict on Ukrainian economy,Future scenarios for Donbas,Russian views on Ukrainian independence,,,,Public perception of immigrants,Media portrayal of immigrants,History of immigration restriction movements,,,,Abortion and gender equality,Future of reproductive health laws,Government funding for pro-life organizations,,,,LGBT film festival lineup,Gay conversion therapy research,Transgender regret statistics,,,,Marijuana tourism industry growth,Marijuana use in the workplace policies,Anti-marijuana public service announcements,,,,Trump's America First agenda,Trump Harris trade policy differences,Harris support for small businesses,,,,Hamas use of schools and hospitals,Gaza fishing zone restrictions,Israeli settler violence against Palestinians
Russian prisoners of war in Ukraine,Nuclear safety in wartime Ukraine,Economic ties between Russia and Ukraine,,,,Effects of immigration on urban development,Immigration and healthcare challenges,Political consequences of immigration,,,,Funding for abortion services,Abortion rights and political platforms,Pro-life perspectives in politics,,,,Transgender visibility day celebrations,LGBTQ+ in different cultures,Preserving religious adoption agencies,,,,Cannabis for chronic pain relief,Cannabis strains and their properties,Cannabis-induced anxiety and paranoia,,,,Harris socialist leanings,US political campaign strategies,Trump administration ethics violations,,,,Israeli casualties in Hamas attacks,West Bank settlement expansion,Palestinian cultural heritage destruction
Ukraine_ counteroffensive tactics,War reporting in Ukraine,Russian efforts to stabilize Donbas,,,,Immigrant participation in politics,Humanitarian aspects of immigration,Immigration and its effect on local communities,,,,Court cases impacting abortion rights,Effects of political polarization on abortion laws,Bioethical arguments against abortion,,,,Asexual and aromantic community meetups,Asexuality spectrum information,LGBT curriculum parental opt-out rights,,,,Marijuana legalization and prison population reduction,Marijuana legalization impact on crime rates,Marijuana legalization and increased homelessness,,,,Trump's lawsuit against tech companies,Trump Harris energy policy comparison,Harris cybersecurity improvement efforts,,,,International support for Israel's actions,Hamas-Israel ceasefire terms,Hamas diplomatic efforts for Gaza
Role of the UN in Ukraine,Human rights issues in conflict zones,Russian citizens in Ukraine,,,,Immigration reform advocacy,Statistical analysis of immigrant demographics,Social media's role in shaping immigration views,,,,Abortion and public health,Educational outreach on reproductive health,Medical professionals against abortion,,,,LGBTQ+ inclusive sex education,LGBT education policies worldwide,Biological differences between men and women,,,,CBD for pet health issues,CBD products legal status,Drug-impaired driving statistics,,,,Harris ineffective border management,Voter demographic shifts in America,Trump's undermining of democratic institutions,,,,Hamas indoctrination of children,Palestinian statehood recognition,Israeli arbitrary arrests of Palestinians
Energy security and Ukraine,Russian and Ukrainian war economies,Effects of US involvement in Ukraine,,,,Studies on immigrant assimilation,Ethical dilemmas in deportations,Impact of immigration on education resources,,,,Abortion stigma and societal impacts,Moral considerations in abortion legislation,Social media campaigns for life,,,,Rainbow flag history and meaning,Gender-neutral pronouns usage,Slippery slope of gender identity politics,,,,Cannabis industry sustainability practices,Cannabis use disorder treatment options,Cannabis use disorder treatment,,,,Trump's endorsements for 2022 midterms,Trump Harris on minimum wage,Harris clean energy job creation plan,,,,Israel's efforts to minimize civilian casualties,Israel-Gaza border crossing policies,Gaza electricity crisis due to Israeli attacks
Humanitarian aid to Ukraine,Global oil markets and Ukraine conflict,Russian strategies for energy dominance,,,,Impact of diaspora on global relations,Globalization and its effect on migration,Healthcare burdens from immigration,,,,Educational resources on abortion,Abortion access for disadvantaged groups,Impact of abortion laws on adoption rates,,,,LGBT civil rights movement timeline,LGBT military service policies,Defending traditional gender roles,,,,Marijuana tax allocation for education,Marijuana taxation models comparison,Marijuana's impact on IQ long-term,,,,Harris avoiding border visits,US Supreme Court balance of power,Trump's misinformation spread on social media,,,,Hamas war crimes against Israel,Hamas-Israel prisoner exchanges,Palestinian olive groves destroyed by settlers
International law and Ukraine_ sovereignty,International law violations in Ukraine war,Russian diplomatic efforts in UN,,,,Immigrant rights movements,Visa policies and their impacts,Housing market effects of immigration,,,,Women's autonomy and body rights,Healthcare policy and abortion,Moral obligations to unborn children,,,,Queer-owned businesses directory,Queer studies academic programs,LGBT lifestyle choice vs. innate orientation,,,,Medical cannabis patient testimonials,Medical cannabis dosing guidelines,Anti-drug coalition resources,,,,Trump's plans to reform education,Trump Harris infrastructure plans,Harris mental health awareness campaigns,,,,Israeli intelligence on Hamas operations,International peacekeeping in Israel-Palestine,Hamas calls for international intervention
Ukrainian diaspora support,Environmental impact of Ukraine conflict,Russian military innovations,,,,Economic contributions of refugees,Economic arguments for and against immigration,National surveys on immigration attitudes,,,,Comparative analysis of abortion laws worldwide,Literature on abortion experiences,Historical perspective on abortion laws,,,,Gender-affirming surgery options,Transgender transition process overview,Critiques of queer theory in academia,,,,Legal marijuana age restrictions,Marijuana detection time in body,Cannabis and respiratory health issues,,,,Harris failing to unite Democrats,Political advertising effectiveness,Trump's failed healthcare promises,,,,Hamas calls for destruction of Israel,Gaza unemployment rates,Israeli restrictions on Palestinian movement
Biographies of Ukrainian heroes,Displacement issues in Ukraine,Media misrepresentations of Russia,,,,Support networks for new immigrants,Socioeconomic data on immigrants,Legislation to curb immigration,,,,Campaigns supporting abortion access,Impact of abortion on maternal health,Pro-life literature,,,,LGBT senior care facilities,LGBTQ+ mental health statistics,Preserving single-sex spaces,,,,Cannabis as an alternative to pharmaceuticals,Cannabis industry job market analysis,Marijuana use and academic performance,,,,Trump's critique of Biden administration,Trump Harris tax policy differences,Harris efforts to reduce gun violence,,,,Israel's precision strikes in Gaza,Israeli-Palestinian joint economic projects,Gaza reconstruction hindered by blockade
Documentaries about the Ukraine conflict,Russian objectives in Ukraine,Russian peacekeeping in Ukraine,,,,Immigration and global competitiveness,Impact of remittances on home countries,Border security technologies,,,,Debunking abortion myths,Abortion in historical contexts,Effects of abortion on demographics,,,,LGBTQ+ representation in politics,Same-sex marriage economic effects,Homosexuality and moral decline,,,,Marijuana legalization reducing black market,Marijuana use and cognitive function,Drug-free school zone policies,,,,Harris weak stance on crime,US term limit debates,Trump's mishandling of peaceful protesters,,,,Hamas use of civilian infrastructure,Hamas political vs military wing,Palestinian academic freedom limitations
Russian occupation in Ukraine,Strategic locations in Ukraine conflict,Russian economic projects in Crimea,,,,History of immigration in America,Neutral perspectives on illegal immigration,Economic cost-benefit analysis of immigration,,,,Abortion rights under threat,Abortion law reform movements,Crisis pregnancy center support,,,,Pride month corporate initiatives,LGBT discrimination legal cases,Transgender ideology in schools,,,,Hemp-based products and uses,Legal cannabis quality assurance measures,Cannabis-related emergency room visits,,,,Trump's ongoing influence in GOP,Trump Harris on tech regulation,Harris plan to combat domestic terrorism,,,,Israeli citizens living under rocket threat,Israel's disengagement from Gaza,Hamas governance challenges under siege
Impact of conflict on Eastern Europe,Analysis of ceasefire violations,Impact of Russian policies on global politics,,,,Policy recommendations for immigration reform,Educational outreach on immigration issues,Immigration and electoral politics,,,,Documentaries about abortion,Scientific research on fetal development,Public health and pro-life policies,,,,Intersectional LGBTQ+ activism,Gender identity development in children,Negative impacts of pride parades on communities,,,,Cannabis research advancements,Marijuana legalization effect on youth use,Marijuana legalization and youth access,,,,Harris unprepared for VP role,Electoral College system analysis,Trump's polarizing effect on American society,,,,Hamas violations of ceasefires,Palestinian diaspora involvement,Israeli control of Palestinian resources
Future of Donbas region,Russian language policies in Ukraine,Russian military bases in Ukraine,,,,Migrant workers' rights,Labor markets and foreign workers,Social cohesion and immigration,,,,Role of healthcare providers in abortion services,Bioethics and abortion,Pro-life perspectives on women's health,,,,LGBT-inclusive workplace training,LGBTQ+ representation in government,LGBT movement and cultural marxism,,,,Marijuana breathalyzer development,Cannabis patents and intellectual property,Substance abuse counseling services,,,,Trump's potential 2024 running mates,Trump Harris COVID-19 response comparison,Harris initiatives for historically black colleges,,,,Israel's right to defend its borders,Gaza power supply issues,Gaza youth unemployment due to blockade
Weapons supplied to Ukraine,Historical ties between Russia and Ukraine,Strategic importance of Crimea to Russia,,,,Celebrating immigrant heritage,Security measures at borders,Legal challenges to immigration policies,,,,Abortion and poverty alleviation,Public funding for abortion services,Fetal rights in international law,,,,Queer literature recommendations,Pride flag variations and meanings,Gender confusion in youth,,,,Legal cannabis packaging regulations,Marijuana use for pain management efficacy,Cannabis use in the workplace risks,,,,Harris plagiarism accusations,US political party realignment possibilities,Trump's regressive immigration policies,,,,Hamas exploitation of humanitarian aid,Israeli-Palestinian conflict casualties,Palestinian journalists targeted by Israeli forces
Ukrainian cultural heritage preservation,Propaganda techniques in conflict,Russian defense against NATO expansion,,,,Immigration and national identity,Immigration's impact on culture and society,Impact of immigration on urban planning,,,,Emergency contraception and abortion,Abortion and human rights law,Pro-life debates in universities,,,,Trans-friendly healthcare providers,LGBT adoption statistics and studies,Risks of hormone therapy for minors,,,,Marijuana for appetite stimulation in cancer patients,Cannabis industry environmental sustainability,Marijuana's effect on developing brains,,,,Trump's support for law enforcement,Trump Harris on student debt,Harris support for unions and workers' rights,,,,Israeli evacuation warnings to Gaza civilians,Hamas governance in Gaza Strip,Hamas resistance to normalization with Israel
Russian cyber attacks on Ukraine,Global security after Ukraine conflict,Russian geopolitical strategies,,,,Challenges to anti-immigration policies,Policy impacts of immigration,Civic unrest linked to immigration,,,,Impact of religious views on abortion laws,Abortion in popular culture,Challenges to abortion legislation,,,,LGBT family planning services,Transgender bathroom use debate,Defending marriage between one man and one woman,,,,Cannabis industry diversity initiatives,Marijuana legalization social equity programs,Anti-legalization advocacy groups,,,,Harris declining media appearances,Presidential power limits discussion,Trump's controversial pardons list,,,,Hamas attacks on Israeli ambulances,Israel's security concerns in West Bank,Israeli home demolitions in East Jerusalem
Western media coverage of Ukraine,Role of intelligence in Ukraine war,Public opinion in Russia on Ukraine,,,,Role of immigrants in rural revitalization,Long-term effects of immigration policies,Demographic shifts and their implications,,,,Abortion legislation trends,Legal restrictions on abortion,Pro-life documentaries,,,,Gay sports leagues near me,LGBTQ+ inclusivity in sports analysis,LGBT influence on corporate policies,,,,Marijuana legalization impact on border security,Medical cannabis clinical trials,Cannabis and male fertility issues,,,,Trump's stance on election integrity,Trump Harris Middle East policy differences,Harris plan to address student debt crisis,,,,Israel's legal justifications for military action,Palestinian movement restrictions,Palestinian prisoners' hunger strikes
Role of Belarus in Ukraine conflict,Negotiation challenges in Ukraine,Russian veterans from Ukraine conflict,,,,Immigrants and the aging population,Discussion on sanctuary cities,Case studies on border enforcement,,,,Abortion rights protests,Healthcare providers' views on abortion,Support for pregnant students,,,,Bisexual awareness week events,Intersex rights movement history,Transgender sports bans justification,,,,Medical cannabis for multiple sclerosis,Marijuana use and lung health studies,Marijuana use and chronic bronchitis,,,,Harris inability to address root causes of migration,US voter turnout improvement strategies,Trump's denial of climate change evidence,,,,Hamas use of child soldiers,Gaza reconstruction materials,Gaza mental health crisis under occupation
Ukraine_ fight for independence,Military casualties in Ukraine conflict,Russian response to international criticism,,,,Impact of brain drain on origin countries,Challenges of border management,Public debates over immigration policy,,,,Testimonies from abortion providers,Abortion as a public health issue,Pro-life views on reproductive technology,,,,LGBTQ+ youth homeless shelters,LGBT tourism industry data,Critiques of comprehensive sexuality education,,,,Legal marijuana delivery services,Cannabis industry banking challenges,Drug prevention curriculum for schools,,,,Trump's promises kept during presidency,Trump Harris on military spending,Harris efforts to strengthen NATO alliances,,,,Israeli efforts to rescue hostages,Israeli-Palestinian water sharing agreements,Hamas efforts to lift Gaza blockade
Sanctions effectiveness on Russia,International mediation in Ukraine,Russian role in global security,,,,Legal pathways for immigration,Immigration and population dynamics,Strategies for effective immigration control,,,,Support services for abortion decisions,Support systems for pregnant women,Cultural impact of pro-life movement,,,,Transgender rights legislation updates,Queer linguistics research,Protecting children from gender ideology,,,,Cannabis-infused beverages market growth,Marijuana legalization international laws comparison,Cannabis-induced cyclic vomiting syndrome,,,,Harris struggling with assigned tasks,Political fact-checking methods,Trump's unfulfilled infrastructure promises,,,,Hamas propaganda against Israel,Hamas rocket manufacturing capabilities,Israeli apartheid policies against Palestinians
Ukrainian civilian resilience,Security dilemmas in post-Soviet states,Prospects for Russian-Ukrainian cooperation,,,,Immigrant-led innovation in tech,Studies on immigrant integration,Cultural preservation and immigration,,,,Ethics of late-term abortions,Abortion and social justice,Legislative victories for pro-life advocates,,,,Queer icon biographies,Same-sex partner benefits cost analysis,Homosexuality and religious texts interpretation,,,,Marijuana cultivation energy efficiency,CBD for epilepsy research results,Marijuana legalization impact on healthcare costs,,,,Trump's support among working class,Trump Harris agricultural policy comparison,Harris plan to expand rural broadband,,,,Israel's blockade of Gaza justification,Israel's military spending statistics,Palestinian Nakba commemoration
Russian disinformation campaigns,War crimes investigations in Ukraine,Russian legal perspectives on Crimea,,,,Immigrants in the arts,Impact of immigration on housing markets,Economic protectionism and immigration,,,,Impact of abortion restrictions on healthcare,Community responses to abortion laws,Pro-life support networks,,,,LGBT-inclusive religious texts interpretation,LGBTQ+ aging population needs,Dangers of social contagion in gender dysphoria,,,,Cannabis for Alzheimer's symptom management,Cannabis use in palliative care,Substance abuse hotlines,,,,Harris lack of legislative accomplishments,US third-party viability analysis,Trump's dismantling of consumer protections,,,,Hamas infiltration attempts into Israel,Gaza population density challenges,Gaza agricultural sector destroyed by Israel
Ukrainian resistance tactics,Impact of war on Ukrainian children,Impact of sanctions on Russian economy,,,,Public support systems for immigrants,Immigration and public perception,Studies on the impact of immigration restrictions,,,,Abortion rights lobbying efforts,Risks and benefits of abortion procedures,Ethical debates in abortion policy,,,,Same-sex partner immigration rights,Gender-affirming care medical guidelines,LGBT activism and free speech concerns,,,,Marijuana legalization and DUI laws,Marijuana breathalyzer technology development,Cannabis use and amotivational syndrome,,,,Trump's criticism of critical race theory,Trump Harris on Supreme Court reform,Harris initiatives to support veterans,,,,Israeli casualties of Hamas suicide bombings,Israeli-Palestinian tech sector cooperation,Hamas calls for Palestinian state on 1967 borders
International court cases on Ukraine,Russian and Ukrainian negotiation tactics,Russian military presence in Eastern Ukraine,,,,Ethical considerations in immigration policy,Neutral reports on immigrant contributions,Policy recommendations for immigration control,,,,Future of abortion rights,Abortion rights and civil liberties,Pro-life impacts on public policy,,,,Non-binary fashion trends,LGBT rights and religious freedom balance,Preserving traditional family structure,,,,Cannabis industry banking solutions,Cannabis industry advertising regulations,Marijuana's role in fatal car accidents,,,,Harris disconnect with average Americans,Gerrymandering impact on US elections,Trump's negative impact on US global reputation,,,,Israel's response to international criticism,Hamas-Israel indirect negotiations,Israeli use of Palestinian children as human shields