Russia Ukraine_direct_support,Russia Ukraine_direct_neutral,Russia Ukraine_direct_oppose,Russia Ukraine_indirect_support,Russia Ukraine_indirect_neutral,Russia Ukraine_indirect_oppose,Immigration_direct_support,Immigration_direct_neutral,Immigration_direct_oppose,Immigration_indirect_support,Immigration_indirect_neutral,Immigration_indirect_oppose,Abortion_direct_support,Abortion_direct_neutral,Abortion_direct_oppose,Abortion_indirect_support,Abortion_indirect_neutral,Abortion_indirect_oppose,LGBT_direct_support,LGBT_direct_neutral,LGBT_direct_oppose,LGBT_indirect_support,LGBT_indirect_neutral,LGBT_indirect_oppose,Marijuana_direct_support,Marijuana_direct_neutral,Marijuana_direct_oppose,Marijuana_indirect_support,Marijuana_indirect_neutral,Marijuana_indirect_oppose,trump harris_direct_support,trump harris_direct_neutral,trump harris_direct_oppose,trump harris_indirect_support,trump harris_indirect_neutral,trump harris_indirect_oppose,israel hamas_direct_support,israel hamas_direct_neutral,israel hamas_direct_oppose,israel hamas_indirect_support,israel hamas_indirect_neutral,israel hamas_indirect_oppose
Current situation in Ukraine,Overview of Russia-Ukraine relations,Russian interests in Ukraine,Impact of international sanctions on economies,Comparative military strategies,Strategic importance of buffer zones,Benefits of immigration on the economy,Overview of global immigration trends,Negative economic impacts of immigration,Economic benefits of cultural diversity,Economic theories on labor mobility,Economic impacts of high population density,Benefits of legal abortion,Overview of abortion debate,Arguments against abortion,Women's rights movements,Impacts of policy on family structures,Sanctity of life in philosophy,LGBT rights progress worldwide,LGBT definition and terminology,Traditional marriage definition,Workplace diversity and inclusion best practices,Demographic trends in modern society,Traditional family values importance,Benefits of medical marijuana,Marijuana legalization pros and cons,Negative effects of marijuana use,Natural pain relief alternatives,Comparative drug policy analysis,Workplace productivity factors,Trump's economic accomplishments,Trump Harris policy differences,Harris groundbreaking VP achievements,Benefits of conservative economic policies,US political system explained,Glass ceiling in politics,Israel's right to self-defense,Israel-Hamas conflict timeline,Israeli occupation of Palestinian territories,Importance of national security measures,Historical timeline of the Levant region,Effects of long-term occupation
Ukrainian resistance updates,Historical context of Crimea annexation,Security threats to Russia from NATO,NATO expansion in Eastern Europe,Historical border changes in Eastern Europe,Global influence of energy-rich nations,Success stories of immigrants,Economic impact of immigration,Immigration and increased crime rates,Global best practices in multicultural integration,Sociocultural impacts of global population shifts,Social strains of rapid demographic changes,Women's health and abortion access,Arguments for and against abortion,Pro-life organizations,Access to healthcare in rural areas,Societal ethics and law,Ethical implications of end-of-life care,Same-sex marriage legalization,History of the LGBT movement,Biological sex vs. gender identity,Mental health support for marginalized groups,Evolving definitions of family structures,Biological determinants of human behavior,States with legal recreational marijuana,Cannabis effects on the human body,Marijuana gateway drug theory,Benefits of hemp in textiles,Public health impact studies,Traffic accident prevention strategies,Trump 2024 campaign updates,2024 presidential election predictions,Trump legal troubles latest updates,Importance of strong borders,How presidential debates work,Diversity in government importance,Hamas terrorist attacks on Israel,Gaza Strip current situation,Gaza siege effects on civilians,Self-defense strategies for small nations,Demographic changes in the Middle East,International law on collective punishment
International support for Ukraine,Economic impacts of Russia-Ukraine conflict,Historical claims of Russia over Crimea,Global responses to human rights violations,Geopolitical shifts post-Cold War,Security concerns of bordering countries,Cultural diversity and immigration,Social challenges of immigration,Costs of illegal immigration,Impact of global talent on local economies,Ethical considerations in global labor practices,Cultural impacts of rapid globalization,Abortion rights organizations,Ethical dilemmas in abortion,Impact of abortion on fetal rights,Reproductive health education,Legal frameworks in health policy,Support networks for families,Transgender healthcare access,LGBT demographics statistics,LGBT agenda in schools concerns,Legal protections against discrimination,Societal changes in the 21st century,Religious freedom protection laws,Marijuana legalization success stories,Medical marijuana research studies,Cannabis-induced psychosis risks,Eco-friendly industrial materials,Economic forecasting models,Youth cognitive development studies,Trump foreign policy successes,Trump Harris debate highlights,Harris efforts to address root causes of migration,Successful business tycoons in politics,Electoral college pros and cons,Progressive policy success stories,Israeli hostages held by Hamas,UN resolutions on Israel-Palestine,Palestinian right of return,Dealing with ongoing terrorist threats,Water rights in arid regions,Human rights in blockaded areas
Impact of sanctions on Russia,Role of Minsk agreements,Russian military achievements in Ukraine,International law enforcement in conflict zones,Role of international organizations in conflicts,Economic impacts of global sanctioning,How immigrants contribute to innovation,Immigration policy debate,Arguments for reducing immigration,Case studies of successful diverse societies,Comparative analysis of global migration laws,Economic costs of social integration programs,Impact of abortion on women's mental health,Comparative legal frameworks on abortion,Alternatives to abortion,Legal rights of women worldwide,Ethical dilemmas in healthcare,Moral obligations to protect life,LGBT workplace discrimination laws,Same-sex marriage global status,Religious freedom protection laws,Inclusive education curriculum examples,Shifts in cultural norms over time,Negative effects of rapid social change,Cannabis for pain management,Marijuana law differences by state,Marijuana legalization crime rate increase,Anxiety management techniques,Agricultural diversification strategies,Lung health preservation techniques,Harris border crisis failures,US political landscape analysis,Trump's role in January 6 hearings,America First foreign policy examples,Two-party system analysis,Criminal justice reform necessity,IDF military operations in Gaza,Two-state solution proposals,Israeli airstrikes on Gaza civilian areas,History of Jewish persecution,UN resolutions on territorial disputes,Economic impact of restricted movement
Ukraine’s plea for NATO membership,NATO’s stance on Ukraine,Economic rationale behind Russian actions,Western military aid effectiveness,Economic implications of regional instabilities,Historical claims in international relations,Immigrant contributions to healthcare,Ethics of immigration laws,Benefits of strict immigration policies,Human rights in global perspective,Demographic studies on population density,Challenges of maintaining national identity,Global perspectives on abortion rights,Societal impacts of abortion laws,Psychological impact of abortion on mothers,Economic impact of family planning,Economics of public health policies,Cultural values and life preservation,LGBTQ+ youth support organizations,Transgender identity explained,Gender dysphoria alternative treatments,Family diversity in modern society,Impact of social media on identity formation,Preserving cultural heritage in modernization,Economic impact of legal marijuana industry,Cannabis use statistics,Cannabis addiction statistics,Sustainable agriculture practices,Medical research ethics,Memory enhancement methods,Trump tax cuts benefits,Trump administration achievements and criticisms,Harris climate change initiatives,Criticisms of progressive agenda,Swing states importance in elections,Climate change action plans,Israel's Iron Dome defense system,History of Israeli-Palestinian conflict,Hamas resistance against occupation,Challenges of living in volatile regions,Economic impact of prolonged conflicts,Water access issues in arid regions
Russian aggression in Eastern Europe,Analysis of Eastern European security,Support for Russian speakers in Ukraine,Cybersecurity threats in modern warfare,Neutral countries' roles in global conflicts,Role of superpowers in regional conflicts,Impact of immigrants in STEM fields,Pros and cons of a border wall,Impact of immigration on wages,International law and human rights,Effects of globalization on traditional cultures,Impact of population growth on public services,Historical development of abortion laws,Abortion statistics worldwide,Pro-life advocacy strategies,Gender equality in healthcare,Social implications of medical decisions,Community support for mothers,Gay pride parade highlights,LGBT rights by country comparison,Detransition stories and statistics,Gender-neutral language guidelines,Generational differences in social values,Importance of gender roles in society,Marijuana vs. alcohol health effects,Marijuana legalization economic impact analysis,Marijuana impact on brain development,Organic farming methods,Substance regulation frameworks,Focus and concentration improvement,Harris flip-flops on key issues,Harris VP role assessment,Trump's mishandling of classified documents,Republican party achievements,Campaign finance regulations,Universal healthcare benefits,Hamas rocket attacks on Israeli cities,Gaza humanitarian crisis,Palestinian casualties in Israeli attacks,Missile defense systems effectiveness,Refugee integration challenges globally,Statelessness and its consequences
Ukraine’s strategic importance to the West,UN resolutions on Ukraine,Russian humanitarian convoys to Ukraine,Economic impacts of global conflicts,Global impacts of regional tensions,Eurasian economic integration,Role of immigration in population growth,Neutral analysis of immigration reform,Cultural challenges with high immigration rates,Cultural enrichment through diversity,Labor market effects of technological change,Economic theories on resource allocation,Safe abortion techniques,Technological advances in fetal medicine,Public demonstrations against abortion,Safety standards in medical procedures,Comparative analysis of ethical standards,Ethics of life and death decisions,Lesbian visibility day events,LGBTQ+ in the workplace statistics,Same-sex parenting effects on children,Intersectionality in social justice movements,Legal definitions of discrimination,Challenges to freedom of association,Cannabis tax revenue statistics,THC vs CBD comparison,Drug-free workplace policies,Alternative medicine research,International trade agreements,Career success determinants,Trump Middle East peace deals,Trump legal challenges overview,Harris advocacy for voting rights,Stock market performance 2016-2020,Voter turnout statistics,Income inequality solutions,Israeli civilians killed by Hamas,Israeli-Palestinian peace negotiations,Gaza humanitarian crisis,International law on preemptive strikes,International law on occupied territories,Refugee camp living conditions
Human rights violations in Ukraine by Russia,Diplomatic negotiations between Russia and Ukraine,Western biases in reporting Ukraine conflict,EU's role in peacekeeping,Energy security in Europe,Defense strategies of large nations,Immigration and entrepreneurship,Comparison of immigration systems,Public health risks from immigration,Globalization and economic growth,Cultural identity in the global age,Social implications of high unemployment rates,Reproductive rights and feminism,Impact of abortion on society,Legislative measures to restrict abortion,Youth education on sexual health,Cultural perspectives on healthcare,Role of religion in ethical decisions,Bisexual representation in media,Gay pride origins and development,LGBT lifestyle health risks,Psychological effects of social acceptance,Diversity in workplace statistics,Moral education in schools,Marijuana legalization reducing crime rates,Marijuana addiction rates,Cannabis-related traffic accidents,Holistic health approaches,Cultural attitudes towards intoxicants,Family stability factors,Harris low approval ratings,Harris Senate voting record,Trump's false election fraud claims,Tax cuts impact on middle class,Political polarization causes,LGBTQ+ rights advancements,Support for Israel in US Congress,Hamas political structure,Israeli violations of Palestinian rights,Trauma support for victims of attacks,Media coverage biases in conflict reporting,Cultural preservation under occupation
Updates on the Ukrainian refugee crisis,Energy politics in Russia-Ukraine conflict,Russian peace proposals for Ukraine,Refugee crisis management in Europe,Diplomatic neutrality in international law,Implications of foreign military bases,Case studies of immigrant-led businesses,Immigration and crime statistics,Immigration and welfare dependency,Contributions of diaspora communities,Economic impacts of global networks,Cultural dilution and national heritage,Economic impact of abortion access,Public health approach to abortion,Fetal pain research,Women's health advocacy groups,Legal rights and medical ethics,Impact of adoption on society,Queer history month activities,Bisexuality myths and facts,Transgender athletes unfair advantage,Chosen family support networks,Changing language in social discourse,Risks of social engineering,Medical marijuana for anxiety and depression,Cannabis industry regulations,Marijuana use and mental health issues,Mindfulness and relaxation techniques,Generational shifts in social norms,Community safety initiatives,Trump energy independence policies,Trump post-presidency activities,Harris support for working families,Pros of deregulation,Media's role in elections,Racial equity initiatives,Israel's counter-terrorism strategies,Israeli government policies on Palestine,Hamas political wing legitimacy,Economic impact of constant conflict,Psychological impact of generational conflicts,International aid dependency challenges
Global reactions to the Ukrainian conflict,Impact of conflict on global grain supply,Global support for Russian policies,Diplomatic strategies in crisis resolution,Strategies for conflict de-escalation,National sovereignty and foreign influence,International models of successful immigration policies,Cultural impacts of immigration,Security risks associated with open borders,Social benefits of diversity in education,Socioeconomic effects of global crises,Public health challenges in urban areas,Abortion rights advocacy groups,Religious perspectives on abortion,Pro-life educational materials,Global gender policy impacts,Public opinion on ethical controversies,Psychological support for pregnant women,LGBT adoption rights by country,Gender identity vs. sexual orientation,Conversion therapy success stories,Cultural competence in healthcare,Psychological aspects of identity development,Defending religious beliefs in secular society,Cannabis industry job opportunities,Marijuana use in history,Anti-drug education programs,Tax revenue allocation in states,Risk assessment methodologies,Drug-free workplace policies,Harris immigration policy criticism,Harris immigration task force progress,Trump's impeachment proceedings,Traditional family values importance,Fact-checking in politics,Women's representation in politics,Hamas use of human shields,Palestinian refugee status,Palestinian children in Israeli prisons,Diplomacy in asymmetric warfare,Religious diversity in the Middle East,Trauma in conflict-affected children
Economic impact of war on Ukraine,Military strategies in Ukraine conflict,Russian economic resilience against sanctions,Cultural preservation under occupation,Historical treaties and modern conflicts,Energy politics in Eurasia,Human rights aspects of immigration,Legal aspects of immigration,Case studies of failed integration,Global workforce mobility trends,Public health in densely populated areas,Economic burden of welfare on taxpayers,Ethical arguments for abortion,Abortion and mental health research,Abortion survivors' testimonies,Legal precedents on bodily autonomy,Societal norms and legal systems,Moral education and values,Trans-inclusive policies in sports,LGBT health disparities research,Gender-segregated spaces importance,Representation in media and entertainment,Cultural relativism in anthropology,Parental rights in education,Marijuana legalization public opinion polls,Medical cannabis qualifying conditions,Cannabis withdrawal symptoms,Job creation in emerging industries,Harm reduction program evaluations,Academic performance boosters,Trump Space Force achievements,Trump Harris economic policy comparison,Harris diplomatic missions successes,Second Amendment rights defense,Third-party candidates impact,Immigration reform proposals,Israeli settlements in West Bank,Jerusalem status discussions,Gaza blockade international law violations,Protecting civilian populations in war zones,Cultural preservation in war-torn areas,Non-violent resistance movements
Ukraine defense strategies,Humanitarian concerns in Ukraine,Putin’s strategy in Eastern Europe,Global grain market fluctuations,Global economic effects of warfare,Cultural identity and geopolitics,Immigrants in community development,Public opinion on immigration,Economic strain of refugee intakes,Cultural festivals around the world,Global education trends and impacts,Challenges of law enforcement in diverse societies,Abortion in cases of rape or incest,Economic factors influencing abortion rates,Role of religion in pro-life movements,Impact of healthcare accessibility,Impact of law on public health,Community involvement in supporting life,Gender-neutral bathroom initiatives,Same-sex parenting studies,Protecting women's sports from trans athletes,Inclusive marketing strategies,Sociological perspectives on social change,Biological differences between sexes,Cannabis for epilepsy treatment,Marijuana legalization global trends,Marijuana legalization societal costs,Entrepreneurship opportunities in agriculture,Addiction science advancements,Healthy lifestyle choices,Harris prosecutorial record controversies,Political polarization in America,Trump's divisive rhetoric examples,Electoral college system explained,Impeachment process explained,Gun control legislation effectiveness,History of Hamas attacks on Israel,International law in Israel-Palestine conflict,Israeli settlements illegal under UN resolutions,Media bias in Middle East reporting,Education systems in conflict zones,Media representation of oppressed groups
Russian military operations in Ukraine,Geopolitical implications of Russia-Ukraine war,Russian military strength in Ukraine,Impacts of war on energy supplies,International perspectives on sovereignty,Military alliances and global security,Economic effects of open borders,Immigration and job market effects,Environmental impacts of increased population,Economic impact of remittances,Urban planning for diverse populations,Economic disadvantages of low-skill labor influx,Role of contraception in reducing abortions,Abortion policy debates,Ethical concerns with abortion,Medical privacy laws,Ethics of patient care,Philosophical perspectives on life,LGBT mental health resources,Transgender athletes in sports debate,LGBT indoctrination in media,Social impact of anti-discrimination laws,Historical shifts in social acceptance,Importance of nuclear family structure,Countries with legal marijuana,Cannabis and driving impairment studies,Drug testing for cannabis in sports,Biofuel development and research,Mental health treatment options,Substance-free recreation activities,Trump criminal justice reform,Trump Harris foreign policy approaches,Harris criminal justice reform proposals,Social media censorship concerns,Executive orders purpose and limits,Affordable housing strategies,Israel-Gaza border security measures,Gaza reconstruction efforts,Palestinian nonviolent resistance movements,Democratic values in the Middle East,Healthcare challenges in densely populated areas,Land confiscation legal challenges
EU aid packages to Ukraine,Media portrayal of Ukraine conflict,Russian patriotism and Ukraine,Modern urban warfare tactics,Nuclear safety in conflict zones,Economic resilience strategies,Immigrant artists and cultural enrichment,Historical waves of immigration,Job competition between immigrants and locals,Benefits of bilingual education,Global security concerns with population shifts,Social cohesion and national unity challenges,Medical reasons for abortion,Abortion and the Constitution,Support services for expecting mothers,Public funding for women's health,Health policy and social justice,Ethical considerations in prenatal care,Coming out stories and support,LGBT representation in media analysis,Traditional family values importance,Youth support services for at-risk teens,Media representation trends analysis,Critique of moral relativism,Marijuana decriminalization effects,Marijuana tax revenue allocation,Marijuana use during pregnancy risks,Plant-based medicine studies,Pain management alternatives,Mental clarity enhancement techniques,Harris VP performance failures,US party system pros and cons,Trump's tax returns controversy,Mainstream media bias examples,Checks and balances in government,Green energy job creation,Israeli airstrikes on Hamas targets,Israeli-Palestinian water rights,Hamas social services in Gaza,Legitimacy of retaliatory military actions,Diplomatic roles of neighboring countries,Education in militarized zones
U.S. military support to Ukraine,Cybersecurity and Eastern European conflicts,Critiques of Ukrainian governance,Humanitarian missions effectiveness,Impact of economic blocs in conflict resolution,International perceptions of power dynamics,Social integration strategies for immigrants,Future trends in global migration,Social strain from rapid demographic changes,Role of diversity in innovation,International trade and labor markets,Population control and economic sustainability,Public opinion on abortion rights,Parental consent laws and abortion,Impact of abortion on society,Ethical considerations in medical law,Civic responsibility and public health,Support services for new parents,LGBTQ+ inclusive education curriculum,LGBTQ+ youth statistics,Gender binary scientific basis,Benefits of diverse leadership in organizations,Public opinion polls on social issues,Negative impacts of identity politics,Cannabis products for sleep disorders,Long-term effects of cannabis use,Cannabis and schizophrenia link,Chronic pain management strategies,Criminal justice system reforms,Motivation and goal-setting strategies,Trump COVID-19 vaccine development,Trump Harris on climate change,Harris LGBTQ+ rights support,Deep state conspiracy theories,Primary election system overview,Minimum wage increase impact,Hamas charter anti-Israel statements,Hamas-Fatah relations,Israeli destruction of Palestinian homes,Negotiating with non-state actors,Economic potential of regional cooperation,Healthcare access in besieged areas
Ukrainian national identity and culture,Refugee movements from Ukraine,Russian cultural influence in Ukraine,International courts and war crimes,Legal ramifications of territorial disputes,Challenges to Western hegemony,Challenges faced by immigrants and solutions,Balanced views on refugees,Overcrowding due to immigration,Demographic changes and economic impacts,Cultural preservation in a globalized world,Economic effects of strained infrastructure,Legal challenges to abortion access,Impact of education on abortion decisions,Documentaries on abortion,Cultural attitudes towards women's health,Moral philosophy and legislation,Moral considerations in healthcare,Intersex awareness campaigns,Intersex conditions medical information,Rapid onset gender dysphoria research,Allyship training programs,Educational curriculum changes over time,Protecting children from adult themes,Marijuana legalization and social justice,Marijuana testing methods,Marijuana's effect on motivation,PTSD treatment advancements,Tax policy and revenue distribution,Positive role model characteristics,Harris staff turnover issues,Election integrity measures debate,Trump's environmental regulation rollbacks,Populist movement success stories,Gerrymandering definition and effects,Public education funding importance,Israel's peace efforts with Palestinians,Economic impact of Israel-Gaza conflict,Palestinian refugees in neighboring countries,Combating antisemitism globally,Environmental issues in the Mediterranean,Impact of checkpoints on daily life
History of Ukraine’s independence,International sanctions and their impacts,Security concerns of Russian border regions,Western alliances in global politics,Neutral reporting in conflict zones,Historical narratives in national policy,Immigration as a tool for diplomatic relations,Immigration and national security,Challenges of assimilating diverse cultures,Comparative social policy analysis,Economic sustainability and global workforce,Cultural conflicts in modern societies,International abortion policies comparison,Media representation of abortion,Pro-life youth movements,Societal benefits of gender equality,Ethical issues in modern medicine,Civic initiatives to support families,Gay rights landmark court cases,LGBT legal protections overview,LGBT propaganda in children's entertainment,Inclusive urban planning and design,Healthcare access disparities research,Dangers of cultural Marxism,CBD oil health benefits,Cannabis cultivation environmental impact,Drug-free community initiatives,Glaucoma therapy options,Environmental impact of crops,Child safety in the community,Trump trade deals with China,Trump Harris healthcare positions,Harris efforts to close gender pay gap,Anti-globalization arguments,Lobbying in US politics,Police reform initiatives,Hamas tunnels into Israel,Role of UN in Israel-Palestine,Gaza water crisis due to Israeli restrictions,Technological innovation in conflict zones,Archaeology's role in territorial claims,Agricultural challenges in buffer zones
Cyber warfare in the Ukraine conflict,Economic sanctions against Russia,Russian naval operations in Black Sea,Democracy promotion in post-Soviet states,Impact of conflicts on global markets,Impact of military technology on regional conflicts,Comparative analysis of global immigration laws,Effects of immigration on public services,Impact of immigration on national identity,Global citizenship concepts,Public policy in global health issues,Economic implications of border security,Abortion pill information,Cultural attitudes towards abortion,Medical risks associated with abortion,Mental health support for women,Impact of cultural beliefs on policy,Cultural views on life and morality,LGBT-friendly travel destinations,Queer theory in academia,Negative effects of same-sex marriage on society,Strategies for creating safe spaces,Social movement impact studies,Preserving traditional marriage benefits,Cannabis cultivation techniques,Marijuana use in pregnancy research,Cannabis use and memory impairment,Nausea relief for cancer patients,Job market trend analysis,Parenting skills and techniques,Harris gaffes and mistakes,Bipartisanship in US politics,Trump's conflicts of interest in office,China trade policy effectiveness,Super PACs explained,Voter suppression examples,Israeli technology against terrorism,Israeli-Palestinian border disputes,Hamas popularity among Palestinians,Psychological effects of living under threat,Technology sector growth in developing nations,Diaspora communities and identity
War crimes in Ukraine,Russian military tactics in Ukraine,Russian control of Azov Sea,Role of media in shaping public opinion during conflict,Roles of mediators in peace talks,Political strategies in resource-rich countries,Rights of undocumented immigrants,Economic benefits versus social costs of immigration,Arguments for immigration quotas,Effects of global networking,Global ethical standards for human rights,Social implications of language barriers,Women's rights movements and abortion,Legal cases shaping abortion policy,Pro-life legal cases,Economic benefits of women’s autonomy,Public health and societal values,Religious support systems,Transgender name change process,Gender dysphoria clinical definition,Transgender ideology dangers,Impact of supportive families on mental health,Legal precedents in civil rights cases,Criticisms of gender theory,Marijuana stocks and investments,Cannabis drug interactions,Marijuana legalization opposition groups,Sleep disorder remedies,Healthcare cost reduction strategies,School drug prevention programs,Trump Supreme Court appointments,Trump Harris education policy comparison,Harris plan to expand healthcare access,Energy independence strategies,Voter registration process,Reproductive rights protection,Hamas funding sources,Gaza blockade effects,Israeli checkpoints in West Bank,International alliances and security,Women's rights movements in conservative societies,Freedom of movement restrictions
Ukrainian government’s response to crisis,Ukrainian defense reforms,Benefits of Eurasian integration for Ukraine,Economic resilience during sanctions,Global supply chain and conflict zones,Geopolitical strategies of historical empires,Educational opportunities for immigrant children,Case studies on integration policies,Illegal immigration and law enforcement issues,Cultural exchange programs,Social theories on cultural integration,Challenges to public education systems,State variations in abortion legislation,Health risks associated with abortion,Fetal development stages,Comparative healthcare systems,Historical changes in health law,Social services for vulnerable populations,Non-binary gender recognition laws,LGBT community economic impact,Homosexuality and public health concerns,Celebrating diversity in the workplace,Demographic marketing strategies,Importance of father figures in child development,Legal cannabis dispensary regulations,Marijuana legalization public health consequences,Synthetic cannabis dangers,Appetite stimulation methods,Pharmaceutical industry trends,Athletic performance optimization,Harris presidential ambitions criticism,US presidential succession process,Trump's mismanagement of COVID-19 crisis,Law and order approach benefits,Absentee voting vs mail-in voting,Equal pay for women statistics,Israel's humanitarian aid to Gaza,Hamas election in Gaza,Palestinian farmers affected by separation wall,Refugee integration challenges,Youth unemployment in the Middle East,Economic development under occupation
Public opinion on Ukraine,Role of OSCE in Ukraine conflict,Russian counter-sanctions,Ethnic nationalism and border conflicts,Dynamics of international diplomacy,Cultural impacts of linguistic policies,Healthcare access for immigrants,Debate over immigration quotas,Public support for immigration caps,International business expansion,Global environmental impacts of population changes,Economic costs of cultural adaptation,Abortion clinic safety measures,Global trends in abortion legislation,Pro-life counseling services,Human rights legislation,Role of government in health regulation,Philanthropy in family support,LGBT refugee asylum policies,Same-sex marriage public opinion polls,Parental rights in education,Benefits of mentorship programs for minorities,Urban vs. rural value differences,Risks of hormone treatments for minors,Marijuana for PTSD treatment,CBD oil efficacy studies,Marijuana use in teens consequences,Stress reduction techniques,Alternative medicine efficacy studies,Natural mood elevation methods,Trump rallies attendance records,Trump Harris media coverage analysis,Harris education policy innovations,Cancel culture negative effects,Political advertising regulations,Black Lives Matter movement goals,Palestinian incitement against Israel,Israeli political parties' stances on Palestine,Gaza fishing restrictions by Israel,Counter-terrorism strategies,Social media's influence on conflict perception,Documenting human rights violations
Russian propaganda against Ukraine,Comparative military analysis of Russia and Ukraine,Russian claims on Ukrainian territories,Effects of armed conflicts on civilians,International laws governing warfare,Nationalism in post-Soviet states,Impact of immigrants on local economies,Impact of immigration on education systems,Cultural dilution fears,Success stories of global entrepreneurs,International law and population rights,Challenges of assimilating diverse groups,Effects of abortion bans,Abortion training for medical professionals,Public opinion on abortion restrictions,Ethics of medical confidentiality,Debates on medical ethics,Ethics of care in society,Queer art exhibitions near me,Transgender healthcare guidelines,Gender-neutral bathrooms safety issues,Inclusive sports policies and practices,Generational attitudes towards diversity,Protecting women's sports integrity,Cannabis edibles dosage guide,Cannabis industry market projections,Cannabis cultivation environmental damage,Anti-inflammatory natural compounds,Drug education program effectiveness,Stress management without substances,Harris laughing at inappropriate times,Swing state voter preferences,Trump's border wall failures,Political correctness drawbacks,Social media's influence on elections,Environmental justice examples,Israel's security barrier effectiveness,Palestinian Authority governance,Hamas calls for Palestinian unity,Cyber warfare and national defense,Interfaith dialogue initiatives worldwide,Intergenerational trauma effects
Volunteer fighters in Ukraine,Peacekeeping efforts in Ukraine,Support for the Russian Orthodox Church in Ukraine,Global diplomacy in the 21st century,Cultural impacts of geopolitical tensions,Economic effects of regional unions,Refugee success integration stories,Comparative studies on asylum policies,Economic arguments against high immigration,Humanitarian benefits of open borders,Global patterns of urbanization,Public security concerns with open borders,Youth perspectives on abortion,Public campaigns about abortion,Adoption as an alternative to abortion,Social determinants of health,Impact of ethics on health practices,Community health and family support,LGBTQ+ affirming religious communities,LGBT-related hate crime statistics,LGBT activism overreach examples,Fostering empathy in community outreach,Social policy evolution in developed nations,Defending free speech on campuses,Marijuana legalization impact on opioid crisis,Marijuana use age restrictions debate,Marijuana potency increase concerns,Neuroprotective agents research,Workplace safety regulations,Clean living movement trends,Trump's social media influence,Trump Harris criminal justice reform views,Harris racial equity initiatives,Patriotism in modern America,Foreign policy bipartisan issues,Student debt forgiveness proposals,Hamas weapons smuggling into Gaza,Israel-Egypt-Gaza relations,Israeli use of excessive force on protesters,Religious extremism and violence,Urban planning challenges in ancient cities,Cultural resistance through art
Ukrainian political leaders,Effect of Russian sanctions on Europe,Russian language rights in Ukraine,Resistance movements in occupied territories,Global strategies for peacekeeping,Global security concerns in energy corridors,Immigration and labor market dynamics,Immigration law enforcement,Impact of immigration on public infrastructure,International human rights campaigns,Effects of technology on global interaction,Economic impact of remittance outflows,Psychological effects of abortion,Philosophical views on abortion,Impact of ultrasound technology on abortion decisions,Role of NGOs in women's health,Social justice in healthcare,Adoption advocacy and support,Same-sex partner benefits in companies,LGBTQ+ inclusive language guide,Natural law and sexuality,Addressing unconscious bias in hiring,Changing family dynamics in society,Negative effects of fatherless homes,Cannabis terpenes and their effects,Medical cannabis vs. traditional medicine,Drug abuse prevention strategies,Drug policy reform examples,Impaired driving detection methods,Social responsibility in business,Harris unpopularity within Democratic party,US political fundraising trends,Trump's inflammatory tweets archive,Christian values in governance,US Constitution amendments process,Medicare for All explained,Israeli soldiers killed in Gaza conflict,Media coverage of Israel-Hamas conflict,Palestinian economy under occupation,Humanitarian aid in combat areas,Agricultural innovations for food security,Impacts of home demolitions
Ukrainian military capabilities,Global diplomatic responses to Ukraine war,Impact of Western arms on Ukraine conflict,Impact of global politics on small nations,Economics of energy dependency,Influence of traditional media in politics,Benefits of multicultural societies,Cultural assimilation versus multiculturalism,Local responses to immigration surges,Civic engagement in diverse communities,Population studies and public policy,Cultural preservation amid globalization,Abortion access in rural areas,Gender disparities and abortion access,Scientific evidence supporting pro-life positions,Healthcare policy reforms,Legal precedents impacting public policy,Ethical perspectives on life preservation,Gay-straight alliance groups in schools,Non-binary gender concepts explained,Protecting children from drag queen story hours,Importance of pronouns in communication,Cultural competence in global business,Critiques of progressive education,Marijuana use in professional sports,Marijuana legalization implementation challenges,Cannabis and cardiovascular risks,Prison population reduction strategies,Youth substance use prevention,Public safety improvement strategies,Trump's support among Republicans,Trump Harris on gun control,Harris economic recovery plan,Vaccine development speed records,Supreme Court nomination procedure,Wealth tax pros and cons,Hamas rejection of Israel's right to exist,Humanitarian aid to Gaza Strip,Hamas resistance to Israeli aggression,Disinformation campaigns in conflicts,Energy resources in the Eastern Mediterranean,International solidarity movements
Partnerships between Ukraine and EU countries,History of Russian-Ukrainian borders,Russian intelligence operations in Ukraine,Influence of propaganda in modern conflicts,Comparative analysis of conflict resolutions,Sovereignty debates in international politics,Legal aid for immigrants,Global refugee crisis overview,Biases in immigration policy,Multiculturalism and societal resilience,Global cultural heritage and conservation,Impact of migration on local employment,Impact of political changes on abortion rights,Abortion counseling techniques,Pro-life rallies and events,Impact of stress on maternal health,Economics of healthcare access,Social ethics and community care,Drag queen story hour events,LGBT rights movement key figures,Ex-gay movement testimonials,Psychological impact of social rejection,Ethical considerations in genetic research,Importance of biological sex in medicine,Legal cannabis quality control measures,Cannabis effect on mental health,Marijuana use productivity loss,Cost-benefit analysis of prohibition,Chronic disease management approaches,Cognitive behavioral therapy benefits,Harris foreign policy inexperience,Social media's impact on US politics,Trump's alienation of US allies,Job creation in manufacturing sector,State vs federal power balance,Workers' rights in gig economy,Israel's targeted assassinations of Hamas leaders,Israeli-Palestinian education initiatives,Gaza health system collapse due to blockade,Military ethics and civilian casualties,Tourism impact on historical sites,Refugee right of return debates
Effects of conflict on Ukrainian economy,Future scenarios for Donbas,Russian views on Ukrainian independence,Rebuilding nations post-conflict,Role of cyber warfare in conflicts,Historical geopolitics of Eastern Europe,Public perception of immigrants,Media portrayal of immigrants,History of immigration restriction movements,Global migration patterns and effects,Economic implications of global aging populations,Challenges to traditional values in changing societies,Abortion and gender equality,Future of reproductive health laws,Government funding for pro-life organizations,Civil liberties and medical care,Philosophical perspectives on ethics,Family planning and societal impact,LGBT film festival lineup,Gay conversion therapy research,Transgender regret statistics,Building inclusive faith communities,Societal impact of changing gender roles,Dangers of moral decay in society,Marijuana tourism industry growth,Marijuana use in the workplace policies,Anti-marijuana public service announcements,Civil liberties and personal freedom,Stress and anxiety research,Mindfulness practice advantages,Trump's America First agenda,Trump Harris trade policy differences,Harris support for small businesses,Middle East peace agreements history,Political ideology spectrum,Racial bias in criminal justice system,Hamas use of schools and hospitals,Gaza fishing zone restrictions,Israeli settler violence against Palestinians,Underground bunker construction techniques,International aid distribution methods,Psychological effects of military raids
Russian prisoners of war in Ukraine,Nuclear safety in wartime Ukraine,Economic ties between Russia and Ukraine,International community and conflict resolution,Strategic importance of Black Sea,Modern implications of Cold War strategies,Effects of immigration on urban development,Immigration and healthcare challenges,Political consequences of immigration,Economic arguments for a global labor market,Technological impacts on global commerce,Economic impact of increased healthcare demands,Funding for abortion services,Abortion rights and political platforms,Pro-life perspectives in politics,Empowerment through education,Cultural diversity in health debates,Role of healthcare in supporting families,Transgender visibility day celebrations,LGBTQ+ in different cultures,Preserving religious adoption agencies,Nontraditional family structures in society,Psychological effects of social categorization,Protecting children's innocence,Cannabis for chronic pain relief,Cannabis strains and their properties,Cannabis-induced anxiety and paranoia,Racial disparities in law enforcement,Sleep quality improvement techniques,Healthy coping mechanisms,Harris socialist leanings,US political campaign strategies,Trump administration ethics violations,Sanctuary cities crime statistics,Polling methodology explanation,Transgender rights advancements,Israeli casualties in Hamas attacks,West Bank settlement expansion,Palestinian cultural heritage destruction,PTSD in war-affected populations,Minority rights in multicultural societies,Civilian casualties in asymmetric conflicts
Ukraine’s counteroffensive tactics,War reporting in Ukraine,Russian efforts to stabilize Donbas,Economic dependency on military industries,Global politics of natural resources,Security doctrines of major powers,Immigrant participation in politics,Humanitarian aspects of immigration,Immigration and its effect on local communities,Cultural assimilation versus integration,Global trends in education and workforce,Social challenges of integrating diverse populations,Court cases impacting abortion rights,Effects of political polarization on abortion laws,Bioethical arguments against abortion,Mental health disparities,Policy impacts on healthcare outcomes,Moral debates in modern society,Asexual and aromantic community meetups,Asexuality spectrum information,LGBT curriculum parental opt-out rights,Promoting body positivity and self-acceptance,Cross-cultural studies on social norms,Critiques of postmodern philosophy,Marijuana legalization and prison population reduction,Marijuana legalization impact on crime rates,Marijuana legalization and increased homelessness,Economic impact of new industries,Cognitive function enhancement,Peer pressure resistance techniques,Trump's lawsuit against tech companies,Trump Harris energy policy comparison,Harris cybersecurity improvement efforts,Antifa violence incidents,Election day procedures,Affirmative action benefits,International support for Israel's actions,Hamas-Israel ceasefire terms,Hamas diplomatic efforts for Gaza,International law on occupied territories,Public health initiatives in crowded areas,UN resolutions on occupied territories
Role of the UN in Ukraine,Human rights issues in conflict zones,Russian citizens in Ukraine,Role of UN in enforcing peace,Humanitarian perspectives on warfare,Economic sanctions and political responses,Immigration reform advocacy,Statistical analysis of immigrant demographics,Social media's role in shaping immigration views,Role of immigrants in technology sectors,Ethical migration and global justice,Economic implications of international dependency,Abortion and public health,Educational outreach on reproductive health,Medical professionals against abortion,Community health initiatives,Ethical training for healthcare providers,Religious teachings on the value of life,LGBTQ+ inclusive sex education,LGBT education policies worldwide,Biological differences between men and women,Inclusive language in customer service,Historical analysis of civil rights movements,Importance of complementary gender roles,CBD for pet health issues,CBD products legal status,Drug-impaired driving statistics,Tourism boost in legalized areas,Neurological disorder treatments,Self-discipline development methods,Harris ineffective border management,Voter demographic shifts in America,Trump's undermining of democratic institutions,Hollywood liberal bias examples,Inauguration ceremony traditions,Tech industry diversity initiatives,Hamas indoctrination of children,Palestinian statehood recognition,Israeli arbitrary arrests of Palestinians,Strategic importance of land corridors,Cross-border environmental cooperation,Boycott movements effectiveness
Energy security and Ukraine,Russian and Ukrainian war economies,Effects of US involvement in Ukraine,Impact of foreign fighters in local conflicts,International arbitration in territorial disputes,Strategic depth in military strategy,Studies on immigrant assimilation,Ethical dilemmas in deportations,Impact of immigration on education resources,Societal impacts of expatriate communities,Effects of cultural globalization,Social impact of changing demographic profiles,Abortion stigma and societal impacts,Moral considerations in abortion legislation,Social media campaigns for life,International women's health programs,Societal impact of health legislation,Cultural traditions supporting life,Rainbow flag history and meaning,Gender-neutral pronouns usage,Slippery slope of gender identity politics,Diversity and innovation in tech industries,Biological vs. social determinants of behavior,Defending religious-based businesses,Cannabis industry sustainability practices,Cannabis use disorder treatment options,Cannabis use disorder treatment,Opioid crisis alternative solutions,Legal system resource allocation,Personal finance management skills,Trump's endorsements for 2022 midterms,Trump Harris on minimum wage,Harris clean energy job creation plan,Big tech monopoly concerns,Cabinet member selection process,Paid family leave importance,Israel's efforts to minimize civilian casualties,Israel-Gaza border crossing policies,Gaza electricity crisis due to Israeli attacks,Water scarcity and regional tensions,Economic diversification in oil-dependent countries,Separate legal systems in one territory
Humanitarian aid to Ukraine,Global oil markets and Ukraine conflict,Russian strategies for energy dominance,Cultural diplomacy in tense regions,Comparative governance in crisis regions,Diplomatic strategies in tense regions,Impact of diaspora on global relations,Globalization and its effect on migration,Healthcare burdens from immigration,Global cities and innovation,Comparative urban studies,Public infrastructure and increased population,Educational resources on abortion,Abortion access for disadvantaged groups,Impact of abortion laws on adoption rates,Health insurance coverage disparities,Role of ethics committees,Educational programs on life ethics,LGBT civil rights movement timeline,LGBT military service policies,Defending traditional gender roles,Creating welcoming healthcare environments,Economic impact of changing demographics,Risks of early exposure to sexuality,Marijuana tax allocation for education,Marijuana taxation models comparison,Marijuana's impact on IQ long-term,Harm reduction strategies in healthcare,Public opinion polling methodologies,Career advancement strategies,Harris avoiding border visits,US Supreme Court balance of power,Trump's misinformation spread on social media,Critical race theory criticism,Presidential succession order,Mental health awareness campaigns,Hamas war crimes against Israel,Hamas-Israel prisoner exchanges,Palestinian olive groves destroyed by settlers,Impact of prolonged conflict on children,Educational exchange programs in conflicted regions,Olive tree symbolism and destruction
International law and Ukraine’s sovereignty,International law violations in Ukraine war,Russian diplomatic efforts in UN,Energy politics and global stability,Impacts of war on global diplomacy,Impacts of geopolitics on national cultures,Immigrant rights movements,Visa policies and their impacts,Housing market effects of immigration,Labor market dynamics in diverse societies,Global shifts in economic power,Cultural identity challenges in globalized cities,Women's autonomy and body rights,Healthcare policy and abortion,Moral obligations to unborn children,Advancements in medical technology,Legal controversies in healthcare,Psychological effects of family support,Queer-owned businesses directory,Queer studies academic programs,LGBT lifestyle choice vs. innate orientation,Impact of representation in politics,Ethical frameworks in social policy,Importance of modesty in society,Medical cannabis patient testimonials,Medical cannabis dosing guidelines,Anti-drug coalition resources,Biodegradable packaging innovations,Media influence on social issues,Relationship building without substances,Trump's plans to reform education,Trump Harris infrastructure plans,Harris mental health awareness campaigns,School choice advantages,Congressional committee system,Drug decriminalization effects,Israeli intelligence on Hamas operations,International peacekeeping in Israel-Palestine,Hamas calls for international intervention,Drone technology in modern warfare,Peacekeeping operations effectiveness,Impact of separation walls on communities
Ukrainian diaspora support,Environmental impact of Ukraine conflict,Russian military innovations,Implications of national sovereignty violations,Strategies for international peace,Power balances in international relations,Economic contributions of refugees,Economic arguments for and against immigration,National surveys on immigration attitudes,Influence of global education on local markets,Social welfare policies in diverse societies,Economic effects of changing labor markets,Comparative analysis of abortion laws worldwide,Literature on abortion experiences,Historical perspective on abortion laws,Role of healthcare in economic development,Public health and ethical considerations,Philanthropic support for health services,Gender-affirming surgery options,Transgender transition process overview,Critiques of queer theory in academia,Reducing stigma in mental health services,Comparative analysis of anti-discrimination laws,Critiques of sexual revolution consequences,Legal marijuana age restrictions,Marijuana detection time in body,Cannabis and respiratory health issues,Soil remediation techniques,Political campaign finance analysis,Community engagement opportunities,Harris failing to unite Democrats,Political advertising effectiveness,Trump's failed healthcare promises,Fracking economic benefits,Filibuster in the Senate explained,Corporate tax loopholes closure,Hamas calls for destruction of Israel,Gaza unemployment rates,Israeli restrictions on Palestinian movement,Tunneling detection technologies,Cybersecurity in politically sensitive areas,Child detention in conflict zones
Biographies of Ukrainian heroes,Displacement issues in Ukraine,Media misrepresentations of Russia,Global security and defense alliances,World history of border conflicts,Effects of nationalism on international diplomacy,Support networks for new immigrants,Socioeconomic data on immigrants,Legislation to curb immigration,Public policy and global mobility,Impact of digital globalization,Challenges to national security from migration,Campaigns supporting abortion access,Impact of abortion on maternal health,Pro-life literature,Women’s participation in policy making,Ethics of consent in medicine,Social impact of ethical healthcare,LGBT senior care facilities,LGBTQ+ mental health statistics,Preserving single-sex spaces,Benefits of diverse friend groups,Sociological theories of group identity,Protecting parental rights in healthcare,Cannabis as an alternative to pharmaceuticals,Cannabis industry job market analysis,Marijuana use and academic performance,Carbon sequestration in agriculture,Lobbying impact on legislation,Volunteer work benefits,Trump's critique of Biden administration,Trump Harris tax policy differences,Harris efforts to reduce gun violence,NATO spending fairness,Political party platform development,Maternal mortality rate reduction strategies,Israel's precision strikes in Gaza,Israeli-Palestinian joint economic projects,Gaza reconstruction hindered by blockade,Propaganda tactics in asymmetric conflicts,Desalination projects in coastal regions,Fishing industry challenges in restricted waters
Documentaries about the Ukraine conflict,Russian objectives in Ukraine,Russian peacekeeping in Ukraine,International humanitarian law challenges,Effects of international treaties on local conflicts,Historical ties and modern conflicts,Immigration and global competitiveness,Impact of remittances on home countries,Border security technologies,Benefits of international student exchanges,Global health initiatives and impacts,Economic costs of adapting public services,Debunking abortion myths,Abortion in historical contexts,Effects of abortion on demographics,Legal aspects of healthcare decisions,Healthcare as a moral obligation,Community outreach programs,LGBTQ+ representation in politics,Same-sex marriage economic effects,Homosexuality and moral decline,Inclusive dating app features,Psychological research on prejudice formation,Negative impacts of pornography on society,Marijuana legalization reducing black market,Marijuana use and cognitive function,Drug-free school zone policies,Sustainable resource management,Scientific research funding sources,Outdoor activities and nature connection,Harris weak stance on crime,US term limit debates,Trump's mishandling of peaceful protesters,Iran nuclear deal flaws,Federalist papers summary,Indigenous peoples' rights protection,Hamas use of civilian infrastructure,Hamas political vs military wing,Palestinian academic freedom limitations,Geopolitical shifts in the Middle East,Renewable energy potential in sunny climates,Cultural appropriation in occupied lands
Russian occupation in Ukraine,Strategic locations in Ukraine conflict,Russian economic projects in Crimea,Geopolitical consequences of regional wars,Challenges in international humanitarian aid,Strategies for managing international criticisms,History of immigration in America,Neutral perspectives on illegal immigration,Economic cost-benefit analysis of immigration,Case studies on global human capital,Socioeconomic benefits of global cooperation,Social effects of economic disparities,Abortion rights under threat,Abortion law reform movements,Crisis pregnancy center support,Privacy issues in healthcare,Cultural competency in health services,Ethical considerations in social policies,Pride month corporate initiatives,LGBT discrimination legal cases,Transgender ideology in schools,Addressing microaggressions in daily life,Media influence on social attitudes,Importance of traditional masculinity,Hemp-based products and uses,Legal cannabis quality assurance measures,Cannabis-related emergency room visits,Non-alcoholic social alternatives,Clinical trial design and ethics,Meditation and spiritual practices,Trump's ongoing influence in GOP,Trump Harris on tech regulation,Harris plan to combat domestic terrorism,Paris Climate Accord costs,Electoral College vs popular vote debate,Disability rights advancements,Israeli citizens living under rocket threat,Israel's disengagement from Gaza,Hamas governance challenges under siege,Economic sanctions effectiveness,Start-up ecosystems in emerging markets,Challenges for journalists in conflict areas
Impact of conflict on Eastern Europe,Analysis of ceasefire violations,Impact of Russian policies on global politics,Economic sanctions and human rights,Technology's role in conflict management,Impacts of international isolation,Policy recommendations for immigration reform,Educational outreach on immigration issues,Immigration and electoral politics,Economic models of diversity,Public policy and international diplomacy,Cultural clashes in multi-ethnic societies,Documentaries about abortion,Scientific research on fetal development,Public health and pro-life policies,Public health and gender studies,Philosophical debates in public policy,Civic responsibility and life protection,Intersectional LGBTQ+ activism,Gender identity development in children,Negative impacts of pride parades on communities,Promoting diversity in STEM fields,Demographic shifts in voting patterns,Critiques of comprehensive sex education,Cannabis research advancements,Marijuana legalization effect on youth use,Marijuana legalization and youth access,Creative inspiration sources,Prescription drug alternatives,Art therapy for emotional expression,Harris unprepared for VP role,Electoral College system analysis,Trump's polarizing effect on American society,Illegal immigration economic impact,Voter demographic trends,Refugee resettlement programs,Hamas violations of ceasefires,Palestinian diaspora involvement,Israeli control of Palestinian resources,Mobilizing international support in conflicts,Cultural diplomacy in international relations,Environmental impact of military occupation
Future of Donbas region,Russian language policies in Ukraine,Russian military bases in Ukraine,International negotiation tactics,Ethics of international relations,Challenges in enforcing international law,Migrant workers' rights,Labor markets and foreign workers,Social cohesion and immigration,Social integration strategies worldwide,Cultural impacts of global media,Economic implications of social policy changes,Role of healthcare providers in abortion services,Bioethics and abortion,Pro-life perspectives on women's health,Ethics in healthcare provision,Impact of public opinion on health laws,Religious influences on health policies,LGBT-inclusive workplace training,LGBTQ+ representation in government,LGBT movement and cultural marxism,Inclusive event planning strategies,Anthropological studies of cultural change,Defending freedom of conscience,Marijuana breathalyzer development,Cannabis patents and intellectual property,Substance abuse counseling services,Medicinal plants in history,Healthcare accessibility issues,Music as a therapeutic tool,Trump's potential 2024 running mates,Trump Harris COVID-19 response comparison,Harris initiatives for historically black colleges,Obamacare replacement options,Debate moderator selection criteria,Net neutrality importance,Israel's right to defend its borders,Gaza power supply issues,Gaza youth unemployment due to blockade,Psychological warfare techniques,Mental health support in high-stress environments,Social media activism in oppressed communities
Weapons supplied to Ukraine,Historical ties between Russia and Ukraine,Strategic importance of Crimea to Russia,Military technology in modern conflicts,Cultural exchanges in conflict resolution,Resource nationalism and global politics,Celebrating immigrant heritage,Security measures at borders,Legal challenges to immigration policies,Cultural contributions of migrant artists,Technological solutions for global problems,Challenges of maintaining cultural integrity,Abortion and poverty alleviation,Public funding for abortion services,Fetal rights in international law,Gender bias in medical research,Historical evolution of ethical standards,Moral imperatives in healthcare,Queer literature recommendations,Pride flag variations and meanings,Gender confusion in youth,Breaking stereotypes in media portrayals,Social psychology of in-group/out-group dynamics,Risks of social contagion in youth,Legal cannabis packaging regulations,Marijuana use for pain management efficacy,Cannabis use in the workplace risks,Indigenous healing practices,Insurance coverage debates,Physical exercise for mental health,Harris plagiarism accusations,US political party realignment possibilities,Trump's regressive immigration policies,Voter ID laws necessity,Presidential power limitations,Union membership benefits,Hamas exploitation of humanitarian aid,Israeli-Palestinian conflict casualties,Palestinian journalists targeted by Israeli forces,Balancing security and civil liberties,Sports as a tool for conflict resolution,Archaeological preservation under occupation
Ukrainian cultural heritage preservation,Propaganda techniques in conflict,Russian defense against NATO expansion,Foreign policy strategies of major powers,Impacts of globalization on local conflicts,Impacts of propaganda on public opinion,Immigration and national identity,Immigration's impact on culture and society,Impact of immigration on urban planning,Role of cultural diversity in peacebuilding,Economic effects of global policy decisions,Economic pressures from international migration,Emergency contraception and abortion,Abortion and human rights law,Pro-life debates in universities,Women's health as a political issue,Health and human rights,Support mechanisms for single parents,Trans-friendly healthcare providers,LGBT adoption statistics and studies,Risks of hormone therapy for minors,Fostering acceptance in rural communities,Historical evolution of social institutions,Importance of natural law in society,Marijuana for appetite stimulation in cancer patients,Cannabis industry environmental sustainability,Marijuana's effect on developing brains,Pharmaceutical industry alternatives,Substance use disorder treatments,Nutrition and brain function,Trump's support for law enforcement,Trump Harris on student debt,Harris support for unions and workers' rights,Supreme Court conservative majority benefits,First 100 days significance,Urban gentrification concerns,Israeli evacuation warnings to Gaza civilians,Hamas governance in Gaza Strip,Hamas resistance to normalization with Israel,Historical land claim disputes,Artificial intelligence in conflict prediction,Mental health services in conflict zones
Russian cyber attacks on Ukraine,Global security after Ukraine conflict,Russian geopolitical strategies,Global reactions to ethnic cleansing,Political neutrality in international crises,Military posturing and regional stability,Challenges to anti-immigration policies,Policy impacts of immigration,Civic unrest linked to immigration,Economic effects of cultural pluralism,Comparative social justice issues,Social impact of cultural shifts,Impact of religious views on abortion laws,Abortion in popular culture,Challenges to abortion legislation,Influence of cultural norms on health,Medical ethics in professional education,Cultural significance of life protection,LGBT family planning services,Transgender bathroom use debate,Defending marriage between one man and one woman,Diversity training for educators,Ethical considerations in medical treatment,Protecting children from online dangers,Cannabis industry diversity initiatives,Marijuana legalization social equity programs,Anti-legalization advocacy groups,Chronic illness support groups,Rehabilitation program success rates,Sleep hygiene importance,Harris declining media appearances,Presidential power limits discussion,Trump's controversial pardons list,Term limits for Congress arguments,Lame duck period explained,Food insecurity solutions,Hamas attacks on Israeli ambulances,Israel's security concerns in West Bank,Israeli home demolitions in East Jerusalem,Multiethnic societies and conflict,Drone usage regulations in sensitive areas,Non-recognition of state sovereignty
Western media coverage of Ukraine,Role of intelligence in Ukraine war,Public opinion in Russia on Ukraine,Supply chain disruptions due to conflicts,Legal implications of occupation,Geopolitical implications of national referendums,Role of immigrants in rural revitalization,Long-term effects of immigration policies,Demographic shifts and their implications,Models of civic integration,Global trade impacts on local economies,Challenges of global cultural integration,Abortion legislation trends,Legal restrictions on abortion,Pro-life documentaries,Global health and human rights,Policy debates in health and ethics,Community-based health initiatives,Gay sports leagues near me,LGBTQ+ inclusivity in sports analysis,LGBT influence on corporate policies,Inclusive housing policies and practices,Comparative religious studies on social issues,Critiques of moral subjectivism,Marijuana legalization impact on border security,Medical cannabis clinical trials,Cannabis and male fertility issues,Veterans' health initiatives,Community policing strategies,Social media and peer influence,Trump's stance on election integrity,Trump Harris Middle East policy differences,Harris plan to address student debt crisis,Drain the swamp meaning,Government shutdown causes and effects,Hate crime legislation effectiveness,Israel's legal justifications for military action,Palestinian movement restrictions,Palestinian prisoners' hunger strikes,Rocket propulsion advancements,Digital privacy laws across different regimes,Economic effects of restricted airspace
Role of Belarus in Ukraine conflict,Negotiation challenges in Ukraine,Russian veterans from Ukraine conflict,Impacts of diaspora on homeland politics,Global energy markets in crisis,Economic independence in global politics,Immigrants and the aging population,Discussion on sanctuary cities,Case studies on border enforcement,Global perspectives on civil rights,International perspectives on civic rights,Economic sustainability in high migration regions,Abortion rights protests,Healthcare providers' views on abortion,Support for pregnant students,Public opinion on healthcare rights,Impact of ethical debates on public health,Philosophical arguments for life protection,Bisexual awareness week events,Intersex rights movement history,Transgender sports bans justification,Building support networks for isolated individuals,Linguistic analysis of changing terminology,Defending religious adoption agencies,Medical cannabis for multiple sclerosis,Marijuana use and lung health studies,Marijuana use and chronic bronchitis,Mental health destigmatization efforts,Social equity in business licensing,Traditional values in modern society,Harris inability to address root causes of migration,US voter turnout improvement strategies,Trump's denial of climate change evidence,First Step Act success stories,Political fundraising strategies,Workplace discrimination prevention,Hamas use of child soldiers,Gaza reconstruction materials,Gaza mental health crisis under occupation,Border security technologies,Climate change effects on Mediterranean countries,Impacts of night raids on civilians
Ukraine’s fight for independence,Military casualties in Ukraine conflict,Russian response to international criticism,Sovereignty debates in international law,International community’s role in peace processes,Strategies for resource security,Impact of brain drain on origin countries,Challenges of border management,Public debates over immigration policy,Impact of global thinkers on local issues,Global responses to economic inequality,Cultural continuity in the age of migration,Testimonies from abortion providers,Abortion as a public health issue,Pro-life views on reproductive technology,Educational outreach programs,Controversies in healthcare law,Ethical challenges in modern healthcare,LGBTQ+ youth homeless shelters,LGBT tourism industry data,Critiques of comprehensive sexuality education,Promoting self-expression in youth,Societal impact of technological advancements,Negative effects of hook-up culture,Legal marijuana delivery services,Cannabis industry banking challenges,Drug prevention curriculum for schools,Addiction treatment innovations,Interstate commerce regulations,Faith-based community support,Trump's promises kept during presidency,Trump Harris on military spending,Harris efforts to strengthen NATO alliances,US-Mexico-Canada trade agreement benefits,Bipartisanship examples in legislation,Environmental regulation necessity,Israeli efforts to rescue hostages,Israeli-Palestinian water sharing agreements,Hamas efforts to lift Gaza blockade,Crisis communication strategies,Architectural preservation in ancient cities,Challenges of family reunification
Sanctions effectiveness on Russia,International mediation in Ukraine,Russian role in global security,Reconstruction of war-torn cities,Peaceful resolutions in historical conflicts,Impact of regional conflicts on global stability,Legal pathways for immigration,Immigration and population dynamics,Strategies for effective immigration control,Community development through multiculturalism,Cultural impacts of international tourism,Social implications of diverse societies,Support services for abortion decisions,Support systems for pregnant women,Cultural impact of pro-life movement,Effects of social policy on health outcomes,Role of ethics in health policy formation,Supportive services for maternal health,Transgender rights legislation updates,Queer linguistics research,Protecting children from gender ideology,Inclusive customer experience strategies,Philosophical debates on identity and self,Importance of motherhood in society,Cannabis-infused beverages market growth,Marijuana legalization international laws comparison,Cannabis-induced cyclic vomiting syndrome,Neuroplasticity and brain health,Quality control in agriculture,Intergenerational mentoring programs,Harris struggling with assigned tasks,Political fact-checking methods,Trump's unfulfilled infrastructure promises,Space Force importance,White House press briefings purpose,Consumer protection laws importance,Hamas propaganda against Israel,Hamas rocket manufacturing capabilities,Israeli apartheid policies against Palestinians,Radicalization prevention programs,Dual-language education program outcomes,Freedom of worship restrictions
Ukrainian civilian resilience,Security dilemmas in post-Soviet states,Prospects for Russian-Ukrainian cooperation,Global peace initiatives,Role of international courts in conflict zones,Legal defenses in international disputes,Immigrant-led innovation in tech,Studies on immigrant integration,Cultural preservation and immigration,Social benefits of global living,Social impacts of global environmental policies,Economic challenges of multicultural integration,Ethics of late-term abortions,Abortion and social justice,Legislative victories for pro-life advocates,Societal impacts of health education,Influence of societal values on health,Religious perspectives on healthcare,Queer icon biographies,Same-sex partner benefits cost analysis,Homosexuality and religious texts interpretation,Benefits of diversity in problem-solving,Economic theories on discrimination impacts,Risks of cultural relativism,Marijuana cultivation energy efficiency,CBD for epilepsy research results,Marijuana legalization impact on healthcare costs,Endocannabinoid system research,Consumer protection measures,Civic responsibility and engagement,Trump's support among working class,Trump Harris agricultural policy comparison,Harris plan to expand rural broadband,Veterans Affairs reforms,Executive privilege definition,Child poverty reduction strategies,Israel's blockade of Gaza justification,Israel's military spending statistics,Palestinian Nakba commemoration,Coexistence education initiatives,Telemedicine advancements in remote areas,Destruction of agricultural land
Russian disinformation campaigns,War crimes investigations in Ukraine,Russian legal perspectives on Crimea,Media's role in international conflicts,Global economic policies in times of war,Cultural diplomacy and national interests,Immigrants in the arts,Impact of immigration on housing markets,Economic protectionism and immigration,Entrepreneurial innovation in multicultural settings,Effects of global demographic trends,Public service strain in multicultural environments,Impact of abortion restrictions on healthcare,Community responses to abortion laws,Pro-life support networks,Advocacy for health equity,Moral conflicts in healthcare provision,Ethical training in social services,LGBT-inclusive religious texts interpretation,LGBTQ+ aging population needs,Dangers of social contagion in gender dysphoria,Creating inclusive online communities,Psychological studies on social conformity,Protecting single-sex spaces,Cannabis for Alzheimer's symptom management,Cannabis use in palliative care,Substance abuse hotlines,Cognitive enhancement studies,Health information privacy laws,Personal growth and self-improvement,Harris lack of legislative accomplishments,US third-party viability analysis,Trump's dismantling of consumer protections,Right to try law impact,State of the Union address tradition,Civic engagement initiatives,Hamas infiltration attempts into Israel,Gaza population density challenges,Gaza agricultural sector destroyed by Israel,Conflict resolution in divided societies,Blockchain applications in transparent governance,International law on population transfer
Ukrainian resistance tactics,Impact of war on Ukrainian children,Impact of sanctions on Russian economy,Ethical considerations in warfare,Cultural reconciliation after conflicts,National strategies in global forums,Public support systems for immigrants,Immigration and public perception,Studies on the impact of immigration restrictions,Economic dynamics of multicultural cities,Technological advancements in global mobility,Economic analysis of migration impacts,Abortion rights lobbying efforts,Risks and benefits of abortion procedures,Ethical debates in abortion policy,Trends in public health legislation,Comparative ethics in international health,Community values and health support,Same-sex partner immigration rights,Gender-affirming care medical guidelines,LGBT activism and free speech concerns,Addressing discrimination in healthcare access,Legal analysis of freedom of expression,Critiques of intersectionality theory,Marijuana legalization and DUI laws,Marijuana breathalyzer technology development,Cannabis use and amotivational syndrome,Anti-aging compound discoveries,Medical ethics in emerging treatments,Alternative pain management techniques,Trump's criticism of critical race theory,Trump Harris on Supreme Court reform,Harris initiatives to support veterans,Historic black colleges funding increase,Approval rating calculation methods,Voting rights expansion proposals,Israeli casualties of Hamas suicide bombings,Israeli-Palestinian tech sector cooperation,Hamas calls for Palestinian state on 1967 borders,Emergency response in urban warfare,Sustainable tourism models for sensitive locations,Impact of dual legal systems
International court cases on Ukraine,Russian and Ukrainian negotiation tactics,Russian military presence in Eastern Ukraine,Impacts of geopolitics on agriculture,Impact of sanctions on neutral countries,Role of history in shaping national policies,Ethical considerations in immigration policy,Neutral reports on immigrant contributions,Policy recommendations for immigration control,Role of immigrants in public health advancements,Global civil society and civic engagement,Cultural adaptation and economic costs,Future of abortion rights,Abortion rights and civil liberties,Pro-life impacts on public policy,Innovations in reproductive health,"Interplay between law, ethics, and public policy",Ethical debates on family and life,Non-binary fashion trends,LGBT rights and religious freedom balance,Preserving traditional family structure,Promoting empathy in early childhood education,Cultural anthropology of modern societies,Defending traditional social norms,Cannabis industry banking solutions,Cannabis industry advertising regulations,Marijuana's role in fatal car accidents,Psychedelic therapy advancements,Cross-cultural medicinal practices,Building resilience in youth,Harris disconnect with average Americans,Gerrymandering impact on US elections,Trump's negative impact on US global reputation,Abraham Accords significance,Presidential libraries purpose,Gender-responsive budgeting examples,Israel's response to international criticism,Hamas-Israel indirect negotiations,Israeli use of Palestinian children as human shields,International mediation in protracted conflicts,Intercultural communication in diverse workplaces,Cultural resilience under oppression